"통계분류(1)",통계분류(2),2022,2022,2022,2022,2022,2022,2022,2022,2022,2022,2022,2022,2022,2022,2022,2022,2022,2022,2022,2022,2022,2022,2022
"통계분류(1)",통계분류(2),표본수,수집활동,생활공예,요리하기,반려동물 돌보기,노래방가기,인테리어,등산,낚시,홈페이지/블로그관리,인터넷검색,게임,보드게임,바둑/장기,겜블,쇼핑/외식,음주,독서,만화 보기,미용,어학/기술공부,테마카페체험,원예
"전체",소계,10046,0.1,0.4,1.8,4,1.3,0.3,8.1,1.9,0.2,13.2,7.8,0.3,0.6,0.4,28.3,5.3,1.9,1.3,3.2,0.4,0.1,4
"성별",남성,4893,-,-,0.8,2.9,1.4,0.3,10.9,3.6,0.1,13.1,12.2,0.2,1.1,0.5,22.5,8.8,1.9,1.6,0.9,0.3,0.1,2.3
"성별",여성,5153,0.1,0.7,2.8,5,1.2,0.2,5.3,0.3,0.2,13.3,3.4,0.4,-,0.3,34,1.8,1.9,1,5.5,0.4,0.2,5.6
"연령별",15~19세,487,-,0.1,0.4,3,6.7,-,0.9,-,-,18.8,34.4,1.9,0.2,-,11.8,0.1,3.3,5.8,1,0.4,0.4,0.9
"연령별",20대,1371,0.1,0.3,1.1,4.7,3,-,1.8,0.2,0.6,17.6,17.7,0.4,-,0.1,25.1,6.1,2.8,3.4,3.3,1.2,0.3,0.1
"연령별",30대,1433,0.1,-,1.8,3.8,0.8,0.7,3.6,2.1,0.1,16.4,12.7,0.2,-,0.2,35.5,3.9,1.2,2.2,4,0.9,0.2,0.6
"연령별",40대,1717,-,0.8,2.3,3.7,0.8,0.2,7.1,2.4,0.2,15.8,5.3,0.5,0.3,0.4,32.5,5.3,2.1,1.1,3.9,0.1,0.2,1.4
"연령별",50대,1831,0.1,0.6,1.7,4.6,0.4,0.3,14,3,0.1,13.5,2.6,-,0.6,0.4,27.7,5.4,1.9,0.1,3.2,0.1,0.1,3.6
"연령별",60대,1707,-,0.3,2,3.9,0.6,0.3,16.3,3.1,-,8.9,0.7,-,0.8,0.3,25.3,6.8,1.6,-,3.1,-,-,7.2
"연령별",70세이상,1500,-,0.2,2.4,3.6,0.4,-,5.8,0.8,-,3.8,0.2,-,2,1,28.7,5.7,1.1,-,2.2,-,-,13.5
"학력별",초졸 이하,1146,-,0.3,3.4,3.9,1,-,4.8,0.8,-,3.2,4.5,0.3,1.8,1.1,23,6.8,0.3,0.4,2.8,0.2,-,13
"학력별",중졸,1136,-,0.1,1.4,3.2,2.3,-,5.5,1.6,-,10.7,10.3,0.7,1,0.4,25.4,5.2,1.7,1.8,3,-,0.2,7.4
"학력별",고졸,3790,0.1,0.4,1.7,4.5,1.3,0.3,10.2,2.4,0.2,12.8,7.3,0.1,0.5,0.3,27.5,6.1,1.6,1.1,2.6,0.2,0.1,3.7
"학력별",대졸이상,3974,0.1,0.4,1.6,3.8,1,0.4,7.5,1.9,0.2,16.3,8.3,0.4,0.2,0.2,30.9,4.2,2.5,1.6,3.8,0.6,0.2,1.5
"동거가구원수별",1인,1799,0.1,0.4,2.8,4.6,0.9,0.1,6.3,1.3,-,10.5,8.2,0.2,0.6,0.9,22.9,7.7,1.7,0.7,3.1,0.2,0.3,8
"동거가구원수별",2인,3059,0.1,0.4,2,4.7,0.6,0.1,10.2,2.3,-,9.7,3.1,0.1,0.9,0.4,27.2,6.4,1.4,0.6,3.3,0.1,-,7.1
"동거가구원수별",3인이상,5188,-,0.4,1.6,3.6,1.5,0.3,7.5,1.9,0.2,14.9,9.5,0.4,0.4,0.3,29.3,4.5,2.1,1.7,3.2,0.5,0.2,2.3
"혼인상태별",미혼,2704,0.1,0.2,0.9,4.3,3.2,0.1,2.5,0.8,0.4,17.7,20.6,0.7,0.2,0.2,22,5.1,2.6,3.5,3,1.1,0.3,0.4
"혼인상태별",기혼,6093,-,0.5,2,3.9,0.5,0.3,10.6,2.5,0.1,12.1,3,0.2,0.7,0.3,31.3,5.3,1.7,0.5,3.2,0.1,0.1,4.6
"혼인상태별",사별/이혼/기타,1249,-,0.3,3.8,4.1,0.7,0.1,6.8,1.4,-,6.1,1.5,0.1,0.7,1.5,25.5,5.7,0.9,0.1,3.8,-,-,11.9
"가구주여부별",가구주,5163,-,0.1,1.3,3.6,0.6,0.3,12.3,3.9,-,11.3,5.1,0.1,1.1,0.6,25.7,8.5,1.6,0.9,1.6,0.1,0.2,4.4
"가구주여부별",가구주 아님,4883,0.1,0.6,2.2,4.3,1.7,0.2,4.7,0.4,0.3,14.7,9.9,0.4,0.1,0.1,30.3,2.7,2.1,1.7,4.5,0.6,0.1,3.6
"종사자지위별",상용근로자,3300,0.1,0.2,1.6,4,1.2,0.3,8.2,3,0.3,13.8,9,0.3,0.2,0.3,28.5,5.3,1.9,1.7,4,0.6,0.1,1.8
"종사자지위별",임시근로자,630,-,0.3,2.8,4.8,1.9,0.1,7.6,2.6,-,10.3,6.3,0.3,0.6,0.6,35.5,4.1,1.8,0.9,2.9,0.1,0.3,6.4
"종사자지위별",일용근로자,205,-,0.9,0.2,4.8,1.1,-,14.7,2.3,0.8,10,6.6,0.5,1.8,0.7,22.8,10.9,-,-,3.6,-,-,6.4
"종사자지위별",고용원이 있는 자영업자,356,-,0.5,0.7,2.5,0.7,1.7,13.8,3.7,0.5,13.4,3.9,-,1,0.3,30.4,9.1,2.2,0.1,0.6,-,-,2.1
"종사자지위별",고용원이 없는 자영업자,1557,-,0.2,1.3,4.1,0.6,0.1,11.3,2.5,0.1,14.2,3.9,-,0.9,0.5,28.4,8.4,1.1,0.2,2.8,0.3,0.1,3
"종사자지위별",무급가족종사자,188,-,-,3,4.5,0.3,-,5.6,0.2,-,13.9,3.4,-,0.3,0.5,33.2,2,2.1,1.4,6.6,-,-,5.2
"종사자지위별",기타종사자,53,-,1.3,2.9,-,9.2,-,21.4,1.4,-,13.4,7.2,-,1.2,1.8,19.5,6.2,-,1.2,2.3,-,-,0.7
"종사자지위별",해당없음(무직),3757,-,0.5,2.2,4,1.5,0.2,5.6,0.5,0.1,12.8,9.3,0.4,0.7,0.3,26.8,3.5,2.2,1.7,2.8,0.4,0.1,6.1
"가구소득별",100만원 미만,1098,-,0.2,3.2,3.9,0.6,0.1,4,0.3,-,5.6,4.6,0.1,1.2,0.7,19.8,7.5,1.2,0.2,3.3,-,0.1,14
"가구소득별",100~200만원,824,-,0.1,2.3,4,0.6,-,8.8,1,-,6.2,1.9,-,1.4,0.5,29.5,7.9,2.1,0.5,2.4,0.3,0.2,8.6
"가구소득별",200~300만원,1357,-,0.2,1.6,4.9,0.7,0.2,9.9,2.6,-,11.1,5.8,0.1,0.7,0.4,28.4,5.3,1.7,1,2.4,-,0.1,6.7
"가구소득별",300~400만원,1764,0.2,0.5,1.9,3.9,1.1,0.3,7.8,2.7,-,12.4,7.3,0.1,0.8,0.3,31.4,6.2,1.3,0.8,3.4,0.2,0.2,3.1
"가구소득별",400~500만원,1797,-,0.2,2.1,3.8,1.6,0.2,7.7,1.3,0.1,16.1,8.9,0.5,0.3,0.2,27.7,4.7,1.5,1.7,3.5,0.3,0.1,3
"가구소득별",500~600만원,1532,-,0.3,1.5,3.6,1.7,0.3,7,2.3,0.2,15.4,10.6,0.5,0.3,0.3,27.7,4.8,1.7,2.2,2.9,0.5,0.2,2.1
"가구소득별",600만원 이상,1674,0.1,0.7,1.1,4.2,1.4,0.5,9.6,2,0.5,14.7,8.4,0.3,0.2,0.4,28.9,4,2.9,1.3,3.6,0.8,0.1,1.5
"지역규모별",대도시,4331,-,0.2,1.8,4.3,1.5,0.2,8.5,1.8,0.2,13.1,7.4,0.3,0.6,0.4,31,5.1,2.3,0.9,3.4,0.5,0.1,3
"지역규모별",중소도시,3459,-,0.4,1.7,3.8,1.3,0.3,8,2,0.2,13.6,9.5,0.3,0.4,0.3,25.5,4.7,1.9,1.9,2.7,0.3,0.1,3.3
"지역규모별",읍면지역,2256,0.2,0.7,2,3.9,0.7,0.3,7.1,2,0.1,12.7,5,0.2,0.9,0.6,28,6.8,0.8,1,3.8,0.1,0.1,7.8
"권역별",수도권,3107,0.1,0.2,1.8,3.6,1.5,0.4,8.1,1.7,0.2,11.5,7.1,0.3,0.5,0.3,30.1,3.8,1.9,1.3,3.6,0.4,0.1,2.1
"권역별",강원/제주권,772,-,0.5,2.1,3.2,1.6,-,9.9,2.2,0.1,4.8,7.4,0.4,0.7,1.2,29.8,6.1,2.1,1.7,5.8,0.2,0.2,6.8
"권역별",충청/세종권,1721,0.2,0.6,2.5,7.3,0.6,0.2,6.9,1.7,0.1,7.2,12.2,-,0.8,0.5,21.2,7.8,1.2,2,3,0.5,0.5,11.7
"권역별",호남권,1485,-,0.6,2.7,3.8,1.2,0.1,7.7,2.3,0.2,9.2,8.5,0.6,0.6,0.5,28.6,6.4,1.9,2,1.8,0.2,-,6.8
"권역별",대경권,1200,-,0.3,1.1,2.3,1.2,0.1,8.3,2.6,0.1,19.4,5.8,0.1,1.2,0.2,29.4,7.5,2.1,0.9,2.7,0.1,0.2,4.2
"권역별",동남권,1761,-,0.7,1,4.4,0.7,0.2,8.4,2,0.2,24.4,7.7,0.3,0.2,0.3,25.9,5.8,1.9,0.6,2.4,0.5,0.1,1.8
"17개 시도별",서울,1164,-,0.1,2.4,3.7,2.3,0.3,8.2,1.5,0.2,11.7,5.8,0.4,0.9,0.6,31.1,4.6,2.7,0.9,5,0.8,0.2,1.9
"17개 시도별",부산,690,-,0.8,1.2,2.9,0.3,-,6.8,1.9,0.1,22.1,9,0.4,-,0.4,26.6,6.4,2.5,0.4,2.3,0.5,0.1,1.9
"17개 시도별",대구,580,-,-,0.6,2.1,1.5,0.3,10.2,2.2,0.2,18,6.8,0.3,0.6,0.2,26.4,5.7,2.8,0.8,2.1,0.2,0.2,4.8
"17개 시도별",인천,617,0.2,0.1,0.9,5.8,0.9,0.1,9.6,2.6,-,3.5,7.2,0.1,0.6,0.2,43.8,2.2,1.1,1.1,2.1,0.3,-,2.5
"17개 시도별",광주,447,-,0.5,2,3.8,1.4,-,7.9,3,-,15.1,6.8,0.6,0.6,-,25.8,9.3,2,1.9,1.4,0.6,-,3.5
"17개 시도별",대전,460,0.1,0.2,1.2,9.4,0.6,-,9,0.4,-,10.8,13.1,-,0.1,0.3,23.7,8.4,0.7,0.7,2.4,0.6,-,10.8
"17개 시도별",울산,393,0.2,0.3,1.7,4.8,1,0.3,9.7,1.4,0.3,16.9,8.3,-,0.2,0.6,32.7,2.2,1.1,-,3.2,-,-,2.1
"17개 시도별",세종,221,-,-,2.1,10.3,1.2,-,8.5,1.7,-,7.4,11.8,0.5,-,0.8,27.2,7.6,0.7,2.8,7.1,-,0.6,8.5
"17개 시도별",경기,1326,0.1,0.2,1.6,3,1.2,0.4,7.7,1.8,0.2,13.1,8.1,0.3,0.1,0.1,26.5,3.6,1.5,1.6,3,0.2,-,2.2
"17개 시도별",강원,472,-,0.1,1.2,2.7,1.8,-,11.5,1.9,-,2.8,5.6,0.4,0.8,0.3,32.7,5.8,1.1,2,6.2,0.2,-,5.6
"17개 시도별",충북,482,0.4,0.5,2.9,6.3,0.9,0.3,6.2,2.1,0.5,7.6,13.1,-,0.5,0.8,17.5,7.9,1.3,2.3,2.1,1.1,0.5,15.2
"17개 시도별",충남,558,-,0.9,3,6.1,0.4,0.4,5.7,2.3,-,4.3,11,-,1.6,0.3,21.3,7.3,1.6,2.5,3.5,-,0.7,10.2
"17개 시도별",전북,523,-,0.8,2.5,6.2,1.5,0.4,2.8,1.4,0.3,7.2,9.9,0.8,0.2,0.1,21.1,6.8,3.1,3,0.7,-,-,5.3
"17개 시도별",전남,515,-,0.6,3.3,1.4,0.8,-,12.5,2.8,0.4,6.3,8.5,0.4,1.1,1.2,38.4,3.7,0.7,1.1,3.3,-,-,11
"17개 시도별",경북,620,0.1,0.6,1.5,2.6,1,-,6.6,3,-,20.6,5,-,1.8,0.2,32,9.1,1.4,1,3.3,-,0.2,3.7
"17개 시도별",경남,678,-,0.7,0.6,5.8,1,0.3,9.6,2.3,0.2,29.3,6.2,0.2,0.3,0.2,22.9,6.4,1.6,1.1,2.3,0.7,0.2,1.7
"17개 시도별",제주,300,-,1.4,4.3,4.5,1.3,-,6,2.7,0.3,9.3,11.4,0.3,0.3,3.3,23,6.6,4.4,0.9,4.8,0.3,0.6,9.7
"장애여부별",장애등록,151,-,-,2.1,3.4,0.6,-,6.2,0.8,-,5.7,1.7,-,1.4,-,23.2,8.5,-,2.9,3.8,-,-,11.3
"장애여부별",미등록,58,-,-,0.5,7.5,6,-,3.8,2.7,-,4.9,2.5,-,1.3,0.6,13.7,6.2,1.5,1.4,3.8,-,-,4.8
"장애여부별",해당사항없음,9837,0.1,0.4,1.8,4,1.2,0.3,8.1,1.9,0.2,13.4,7.9,0.3,0.5,0.4,28.5,5.2,1.9,1.3,3.2,0.4,0.1,3.9
"근무 형태",전일제,4189,0.1,0.2,1.4,4.2,0.9,0.2,9.8,3,0.2,14,8,0.2,0.4,0.4,28.9,5.8,1.7,1.4,3.7,0.5,0.2,2.4
"근무 형태",교대제,287,0.2,0.3,1.1,3.5,2,-,10.4,3.7,-,14.4,10,0.3,0.5,-,26.4,5.9,4.1,1.1,2.9,-,-,2.6
"근무 형태",시간 선택제,394,-,1.4,1.9,4.9,3.6,0.4,6.6,1.6,0.4,11.4,7,0.4,0.8,1.1,31.4,3.5,2.1,1.5,3.1,0.6,0.2,6.5
"근무 형태",해당 없음,1419,-,0.2,2.1,3.5,0.9,0.7,8.9,2.1,0.3,12.2,3.1,0.4,0.8,0.5,29.7,8.3,1.1,0.3,3,0.2,0.1,2.9
"유연 근무제 여부",시행,528,-,0.1,1.9,4.9,0.7,0.6,9,2.6,0.2,9.1,8.4,-,0.4,0.1,30.5,2.6,4.3,0.9,7.3,1.3,0.3,1
"유연 근무제 여부",미시행,2959,-,0.4,1.5,3.8,1.1,0.2,9.7,3.3,0.3,16.2,7.5,0.2,0.3,0.4,27.9,5.9,1.7,1.5,3.6,0.3,0.2,1.8
"유연 근무제 여부",해당 없음,2802,0.1,0.2,1.5,4.1,1.2,0.3,9.2,2.2,0.1,11.2,5.9,0.3,0.7,0.5,30.3,7.5,1.1,0.7,2.5,0.4,-,4.3
